{
  "no_signal": 42437,
  "bb_bandwidth:0.000000": 3163,
  "no_candle": 2643,
  "chart_error:RuntimeError('chart api down')": 1474,
  "fetch_error:TimeoutError('feed timed out')": 304,
  "bb_bandwidth:0.000984": 6,
  "bb_bandwidth:0.000604": 5,
  "bb_bandwidth:0.000408": 3,
  "bb_bandwidth:0.000551": 3,
  "bb_bandwidth:0.000398": 3,
  "flat_price:unchanged": 3,
  "bb_bandwidth:0.000523": 2,
  "bb_bandwidth:0.000450": 2,
  "bb_bandwidth:0.000557": 2,
  "bb_bandwidth:0.000409": 2,
  "bb_bandwidth:0.000540": 2,
  "bb_bandwidth:0.000586": 2,
  "bb_bandwidth:0.000404": 2,
  "bb_bandwidth:0.000483": 2,
  "bb_bandwidth:0.000588": 2,
  "bb_bandwidth:0.000578": 2,
  "bb_bandwidth:0.000941": 1,
  "bb_bandwidth:0.000416": 1,
  "bb_bandwidth:0.000412": 1,
  "bb_bandwidth:0.000399": 1,
  "bb_bandwidth:0.000583": 1,
  "bb_bandwidth:0.000418": 1,
  "bb_bandwidth:0.000423": 1
}